기관명,유형,지역,이메일,전화
버드내노인복지관,복지관,경기 수원,,
분당노인종합복지관,복지관,경기 성남,,
판교노인종합복지관,복지관,경기 성남,,
수정노인종합복지관,복지관,경기 성남,,
중원노인종합복지관,복지관,경기 성남,,
안산시와동종합사회복지관,복지관,경기 안산,,
부곡종합사회복지관,복지관,경기 안산,,
화성시나래울종합사회복지관,복지관,경기 화성,,
화성시 근로자종합복지관,복지관,경기 화성,,
유당마을실버타운,복지관,경기 수원,,
서울시니어스분당타워,복지관,경기 성남,,
고양인재교육원,문화센터/평생교육원,경기 고양,,
안양시평생교육원,문화센터/평생교육원,경기 안양,,
만안평생교육센터,문화센터/평생교육원,경기 안양,,
동안평생교육센터,문화센터/평생교육원,경기 안양,,
안양시민대학,문화센터/평생교육원,경기 안양,,
수지신협문화센터,문화센터/평생교육원,경기 용인,,
신세계아카데미 경기점,문화센터/평생교육원,경기 용인,,
롯데마트 문화센터 신갈점,문화센터/평생교육원,경기 용인,,
경기학교 예술창작소,문화센터/평생교육원,경기 용인,,
부천시립책마루도서관,도서관,경기 부천,,
부천시립 북부도서관,도서관,경기 부천,,
해밀도서관,도서관,경기 부천,,
부천시립 꿈빛도서관,도서관,경기 부천,,
부천시립 상동도서관,도서관,경기 부천,,
서수원도서관,도서관,경기 수원,,
선경도서관,도서관,경기 수원,,
북수원도서관,도서관,경기 수원,,
수원청소년문화센터,청소년수련관,경기 수원,,
중원유스센터,청소년수련관,경기 성남,,
야탑유스센터,청소년수련관,경기 성남,,
서현유스센터,청소년수련관,경기 성남,,
정자유스센터,청소년수련관,경기 성남,,
판교유스센터,청소년수련관,경기 성남,,
